,Credit_History,Total_Income,Gender_Female,Gender_Male,Married_No,Married_Yes,Dependents_3,Dependents_0,Dependents_1,Dependents_2,Education_Graduate,Education_Not Graduate,Self_Employed_No,Self_Employed_Yes,Property_Area_Rural,Property_Area_Semiurban,Property_Area_Urban,EMI,Balance Income
0,1.0,5849.0,0,1,1,0,0,1,0,0,1,0,1,0,0,0,1,12.5568,-6707.800000000001
1,1.0,6091.0,0,1,0,1,0,0,1,0,1,0,1,0,1,0,0,12.5568,-6465.800000000001
2,1.0,3000.0,0,1,0,1,0,1,0,0,1,0,0,1,0,0,1,6.4746,-3474.5999999999995
3,1.0,4941.0,0,1,0,1,0,1,0,0,0,1,1,0,0,0,1,11.772,-6831.0
4,1.0,6000.0,0,1,1,0,0,1,0,0,1,0,1,0,0,0,1,13.8321,-7832.1
5,1.0,9613.0,0,1,0,1,0,0,0,1,1,0,0,1,0,0,1,26.1927,-16579.699999999997
6,1.0,3849.0,0,1,0,1,0,1,0,0,0,1,1,0,0,0,1,9.3195,-5470.5
7,0.0,5540.0,0,1,0,1,1,0,0,0,1,0,1,0,0,1,0,15.4998,-9959.800000000001
8,1.0,5532.0,0,1,0,1,0,0,0,1,1,0,1,0,0,0,1,16.4808,-10948.8
9,1.0,23809.0,0,1,0,1,0,0,1,0,1,0,1,0,0,1,0,34.2369,-10427.900000000001
10,1.0,3900.0,0,1,0,1,0,0,0,1,1,0,1,0,0,0,1,6.867000000000001,-2967.000000000001
11,1.0,4340.0,0,1,0,1,0,0,0,1,1,0,1,0,0,0,1,10.692900000000002,-6352.9000000000015
12,1.0,11179.0,0,1,0,1,0,0,0,1,1,0,1,0,0,0,1,19.62,-8441.0
13,1.0,4693.0,0,1,1,0,0,1,0,0,1,0,1,0,1,0,0,11.1834,-6490.4000000000015
14,1.0,2385.0,0,1,0,1,0,0,0,1,1,0,1,0,0,0,1,1.6677000000000002,717.2999999999997
15,1.0,4950.0,0,1,1,0,0,1,0,0,1,0,1,0,0,0,1,12.262500000000001,-7312.500000000002
16,1.0,3596.0,0,1,1,0,0,0,1,0,0,1,1,0,0,0,1,9.810000000000002,-6214.000000000002
17,0.0,3510.0,1,0,1,0,0,1,0,0,1,0,1,0,0,0,1,7.4556000000000004,-3945.6000000000004
18,1.0,4887.0,0,1,0,1,0,1,0,0,0,1,1,0,1,0,0,13.047299999999998,-8160.299999999997
19,1.0,6100.0,0,1,0,1,0,1,0,0,1,0,1,0,0,0,1,11.2815,-5181.5
20,0.0,7660.0,0,1,0,1,0,1,0,0,0,1,1,0,0,0,1,10.202399999999999,-2542.3999999999996
21,1.0,11580.0,0,1,0,1,0,0,1,0,1,0,1,0,0,0,1,30.901500000000002,-19321.500000000004
22,0.0,4511.0,0,1,0,1,0,1,0,0,0,1,1,0,0,1,0,11.3796,-6868.6
23,0.0,5282.0,0,1,0,1,0,0,0,1,0,1,1,0,1,0,0,10.987200000000001,-5705.200000000001
24,1.0,6642.0,0,1,0,1,0,0,1,0,1,0,1,0,0,1,0,14.8131,-8171.1
25,1.0,9560.0,0,1,0,1,0,1,0,0,1,0,0,1,0,1,0,18.737099999999998,-9177.099999999999
26,1.0,5052.0,0,1,0,1,0,1,0,0,1,0,1,0,0,1,0,11.968200000000003,-6916.200000000003
27,1.0,5266.0,0,1,0,1,0,0,0,1,0,1,1,0,0,0,1,10.791000000000002,-5525.000000000002
28,1.0,1442.0,0,1,1,0,0,1,0,0,0,1,1,0,0,0,1,3.4335000000000004,-1991.5000000000005
29,1.0,5833.0,1,0,1,0,0,0,0,1,1,0,1,0,0,1,0,11.772,-5939.0
30,1.0,7535.0,0,1,0,1,0,0,1,0,1,0,1,0,0,0,1,19.7181,-12183.099999999999
31,1.0,3167.0,0,1,1,0,0,1,0,0,1,0,1,0,0,0,1,7.2594,-4092.4000000000005
32,1.0,4692.0,0,1,1,0,0,0,1,0,1,0,0,1,1,0,0,10.3986,-5706.6
33,1.0,5167.0,0,1,0,1,0,1,0,0,1,0,1,0,0,1,0,11.1834,-6016.4000000000015
34,1.0,15500.0,0,1,1,0,1,0,0,0,1,0,1,0,1,0,0,31.392,-15892.0
35,1.0,4342.0,0,1,0,1,0,1,0,0,1,0,1,0,0,0,1,12.5568,-8214.800000000001
36,0.0,3158.0,0,1,0,1,0,1,0,0,1,0,1,0,0,0,1,9.81,-6652.0
37,1.0,5126.0,1,0,0,1,0,1,0,0,1,0,1,0,0,1,0,14.1264,-9000.4
38,1.0,11376.0,0,1,1,0,0,1,0,0,1,0,1,0,0,0,1,18.0504,-6674.4000000000015
39,1.0,5416.0,0,1,1,0,0,1,0,0,0,1,1,0,0,1,0,10.791000000000002,-5375.000000000002
40,1.0,3600.0,0,1,1,0,0,1,0,0,1,0,1,0,0,0,1,7.848,-4248.0
41,1.0,3013.0,0,1,1,0,0,1,0,0,1,0,1,0,0,0,1,4.6107,-1597.6999999999998
42,1.0,2400.0,0,1,0,1,0,1,0,0,1,0,1,0,0,0,1,7.3575,-4957.5
43,1.0,6277.0,0,1,0,1,0,1,0,0,1,0,1,0,0,1,0,13.145399999999999,-6868.399999999998
44,1.0,4695.0,0,1,0,1,0,1,0,0,0,1,0,1,0,0,1,9.4176,-4722.6
45,1.0,3410.0,1,0,1,0,0,1,0,0,1,0,1,0,0,0,1,8.6328,-5222.799999999999
46,1.0,5649.0,0,1,0,1,0,0,1,0,1,0,1,0,0,0,1,4.3164,1332.6000000000004
47,1.0,5821.0,0,1,0,1,0,1,0,0,1,0,1,0,0,0,1,14.1264,-8305.4
48,0.0,6085.0,1,0,0,1,0,1,0,0,1,0,1,0,0,0,1,11.772,-5687.0
49,1.0,6275.0,1,0,1,0,0,1,0,0,1,0,1,0,0,1,0,14.1264,-7851.4
50,1.0,3572.0,1,0,0,1,0,1,0,0,0,1,1,0,0,1,0,9.81,-6238.0
51,1.0,3086.0,1,0,1,0,0,1,0,0,1,0,1,0,0,1,0,11.772,-8686.0
52,1.0,4230.0,1,0,1,0,0,1,0,0,1,0,1,0,0,1,0,10.987200000000001,-6757.200000000001
53,1.0,4616.0,0,1,0,1,0,0,0,1,1,0,1,0,0,0,1,13.145399999999999,-8529.399999999998
54,0.0,11500.0,1,0,0,1,0,0,1,0,1,0,0,1,0,0,1,28.0566,-16556.6
55,1.0,3875.0,0,1,0,1,0,0,0,1,1,0,1,0,0,1,0,9.5157,-5640.700000000001
56,1.0,3723.0,0,1,0,1,0,1,0,0,1,0,1,0,0,1,0,9.4176,-5694.6
57,1.0,5566.0,0,1,0,1,0,1,0,0,1,0,1,0,1,0,0,13.243500000000001,-7677.500000000002
58,1.0,10330.0,0,1,0,1,0,0,1,0,1,0,1,0,0,0,1,17.658,-7328.0
59,1.0,6216.0,0,1,0,1,0,0,0,1,0,1,1,0,0,0,1,14.1264,-7910.4
60,1.0,6296.0,0,1,0,1,0,1,0,0,1,0,1,0,0,0,1,11.772,-5476.0
61,1.0,3029.0,0,1,0,1,1,0,0,0,1,0,1,0,0,0,1,9.711900000000002,-6682.9000000000015
62,0.0,6058.0,0,1,0,1,0,1,0,0,0,1,0,1,1,0,0,16.1865,-10128.499999999998
63,0.0,4945.0,0,1,0,1,0,0,1,0,1,0,1,0,1,0,0,12.5568,-7611.800000000001
64,0.0,4166.0,1,0,1,0,0,1,0,0,1,0,1,0,0,1,0,11.3796,-7213.6
65,1.0,10321.0,0,1,0,1,0,1,0,0,1,0,1,0,0,1,0,25.3098,-14988.8
66,0.0,5454.0,0,1,1,0,0,1,0,0,0,1,1,0,0,0,1,12.3606,-6906.6
67,1.0,10750.0,0,1,0,1,0,0,1,0,1,0,1,0,0,0,1,30.6072,-19857.199999999997
68,1.0,7100.0,0,1,0,1,1,0,0,0,0,1,0,1,0,0,1,12.262500000000001,-5162.500000000002
69,0.0,4300.0,1,0,1,0,0,1,0,0,1,0,1,0,0,1,0,13.3416,-9041.6
70,1.0,6274.0,0,1,0,1,0,1,0,0,1,0,1,0,0,0,1,16.873199999999997,-10599.199999999997
71,1.0,3750.0,0,1,0,1,0,0,0,1,0,1,0,1,0,1,0,9.5157,-5765.700000000001
72,1.0,3500.0,0,1,1,0,0,1,0,0,1,0,1,0,0,1,0,7.946100000000001,-4446.100000000001
73,0.0,4755.0,0,1,0,1,1,0,0,0,0,1,1,0,0,1,0,9.3195,-4564.5
74,1.0,7040.0,0,1,0,1,1,0,0,0,1,0,0,1,0,1,0,18.3447,-11304.7
75,1.0,3750.0,0,1,1,0,0,1,0,0,1,0,1,0,0,0,1,11.085300000000002,-7335.300000000001
76,1.0,8500.0,0,1,1,0,0,1,0,0,1,0,1,0,0,0,1,17.2656,-8765.599999999999
77,1.0,4022.0,0,1,0,1,0,0,1,0,1,0,0,1,0,0,1,10.791000000000002,-6769.000000000002
78,0.0,7167.0,0,1,0,1,1,0,0,0,1,0,1,0,0,1,0,17.658,-10491.0
79,1.0,5499.0,0,1,0,1,1,0,0,0,0,1,0,1,0,1,0,12.753,-7254.0
80,1.0,3846.0,1,0,1,0,0,1,0,0,1,0,1,0,0,1,0,10.889100000000001,-7043.1
81,1.0,2395.0,0,1,0,1,0,0,1,0,1,0,0,1,0,1,0,12.5568,-10161.800000000001
82,1.0,3259.0,1,0,0,1,0,0,0,1,1,0,1,0,0,0,1,16.3827,-13123.7
83,1.0,8250.0,0,1,0,1,0,1,0,0,1,0,1,0,0,1,0,25.996499999999997,-17746.499999999996
84,1.0,3988.0,0,1,0,1,0,0,1,0,1,0,1,0,0,0,1,4.905000000000001,-917.0000000000009
85,1.0,4897.0,0,1,1,0,0,1,0,0,1,0,1,0,0,1,0,13.3416,-8444.6
86,1.0,5333.0,0,1,0,1,0,0,0,1,0,1,1,0,0,1,0,9.711900000000002,-4378.9000000000015
87,1.0,4618.0,0,1,0,1,0,1,0,0,1,0,1,0,0,1,0,10.202399999999999,-5584.4
88,1.0,8566.0,0,1,1,0,0,1,0,0,1,0,1,0,0,0,1,20.601,-12035.0
89,1.0,9862.0,0,1,0,1,0,1,0,0,1,0,1,0,0,1,0,17.1675,-7305.5
90,1.0,5858.0,0,1,0,1,0,1,0,0,1,0,1,0,0,1,0,12.851099999999999,-6993.0999999999985
91,1.0,11904.0,0,1,0,1,0,0,0,1,1,0,1,0,0,1,0,18.4428,-6538.799999999999
92,1.0,5093.0,0,1,0,1,0,0,0,1,0,1,1,0,0,0,1,7.946100000000001,-2853.1000000000013
93,1.0,4133.0,0,1,1,0,0,1,0,0,1,0,1,0,0,1,0,11.968200000000003,-7835.200000000003
94,1.0,3620.0,0,1,1,0,0,1,0,0,0,1,1,0,0,1,0,2.4525,1167.5
95,1.0,6782.0,0,1,1,0,0,1,0,0,1,0,1,0,0,0,1,12.5568,-5774.800000000001
96,1.0,4786.0,1,0,0,1,0,1,0,0,1,0,1,0,0,1,0,13.4397,-8653.7
97,1.0,2974.0,0,1,0,1,0,1,0,0,1,0,1,0,0,1,0,4.905,-1931.0
98,1.0,4188.0,0,1,0,1,0,1,0,0,0,1,1,0,0,1,0,11.281500000000001,-7093.500000000002
99,1.0,5300.0,0,1,0,1,0,1,0,0,1,0,1,0,0,1,0,12.851099999999999,-7551.0999999999985
100,1.0,7551.0,0,1,0,1,0,0,0,1,0,1,1,0,0,0,1,13.047299999999998,-5496.299999999997
101,1.0,8649.0,0,1,1,0,0,1,0,0,1,0,1,0,0,1,0,14.8131,-6164.1
102,1.0,13650.0,0,1,0,1,0,1,0,0,1,0,1,0,0,0,1,12.5568,1093.199999999999
103,1.0,8235.0,0,1,0,1,0,1,0,0,1,0,1,0,0,1,0,12.5568,-4321.800000000001
104,1.0,4570.0,0,1,0,1,0,1,0,0,1,0,1,0,0,0,1,15.696,-11126.0
105,1.0,4082.0,0,1,0,1,0,0,1,0,1,0,1,0,0,0,1,9.81,-5728.0
106,1.0,12543.0,0,1,0,1,0,0,0,1,1,0,1,0,0,0,1,22.0725,-9529.5
107,1.0,7333.0,0,1,1,0,0,1,0,0,0,1,1,0,1,0,0,11.772,-4439.0
108,0.0,7400.0,0,1,0,1,0,0,0,1,1,0,1,0,0,0,1,21.1896,-13789.599999999999
109,1.0,2825.0,0,1,0,1,1,0,0,0,0,1,1,0,0,1,0,9.221400000000001,-6396.4000000000015
110,1.0,5316.0,0,1,1,0,0,1,0,0,1,0,1,0,0,0,1,13.3416,-8025.6
111,1.0,5262.0,1,0,0,1,0,1,0,0,1,0,1,0,0,1,0,13.6359,-8373.9
112,0.0,7686.0,0,1,0,1,0,1,0,0,0,1,1,0,1,0,0,14.911200000000001,-7225.200000000001
113,1.0,7451.0,1,0,1,0,0,0,1,0,1,0,0,1,0,1,0,12.5568,-5105.800000000001
114,1.0,5050.0,0,1,1,0,0,1,0,0,1,0,1,0,0,1,0,11.5758,-6525.799999999999
115,1.0,14583.0,0,1,0,1,0,0,1,0,1,0,1,0,1,0,0,18.1485,-3565.5
116,1.0,5450.0,1,0,0,1,0,1,0,0,1,0,1,0,0,1,0,15.1074,-9657.4
117,1.0,3612.0,0,1,0,1,0,0,1,0,1,0,1,0,0,0,1,8.3385,-4726.5
118,1.0,7710.0,0,1,0,1,0,1,0,0,1,0,1,0,1,0,0,17.1675,-9457.5
119,1.0,10408.0,1,0,1,0,0,1,0,0,1,0,1,0,0,0,1,25.4079,-14999.900000000001
120,1.0,8334.0,0,1,0,1,0,1,0,0,1,0,1,0,1,0,0,17.658,-9324.0
121,1.0,4166.0,1,0,1,0,0,1,0,0,1,0,1,0,0,1,0,4.3164,-150.39999999999964
122,0.0,11117.0,1,0,1,0,0,1,0,0,1,0,1,0,0,1,0,13.4397,-2322.7000000000007
123,1.0,2957.0,0,1,0,1,0,0,0,1,1,0,1,0,0,1,0,7.946100000000001,-4989.100000000001
124,1.0,6314.0,0,1,0,1,0,1,0,0,0,1,1,0,1,0,0,19.0314,-12717.400000000001
125,1.0,3692.0,1,0,1,0,0,1,0,0,1,0,1,0,1,0,0,9.1233,-5431.300000000001
126,1.0,23803.0,0,1,0,1,1,0,0,0,1,0,1,0,1,0,0,36.297,-12494.0
127,1.0,5505.0,0,1,1,0,0,1,0,0,1,0,1,0,1,0,0,12.5568,-7051.800000000001
128,0.0,14363.0,0,1,0,1,0,0,1,0,1,0,0,1,0,0,1,15.695999999999998,-1332.9999999999982
129,1.0,8649.0,0,1,0,1,0,1,0,0,1,0,1,0,1,0,0,17.8542,-9205.199999999997
130,1.0,20166.0,0,1,1,0,0,1,0,0,1,0,0,1,0,0,1,63.765,-43599.0
131,1.0,3943.0,0,1,1,0,0,1,0,0,1,0,1,0,0,0,1,7.2594,-3316.4000000000005
132,1.0,2718.0,0,1,1,0,0,1,0,0,1,0,1,0,0,1,0,6.867000000000001,-4149.000000000001
133,1.0,3459.0,0,1,0,1,0,1,0,0,1,0,0,1,0,1,0,2.4525,1006.5
134,1.0,4895.0,0,1,1,0,0,1,0,0,1,0,1,0,0,1,0,10.0062,-5111.199999999999
135,1.0,11750.0,0,1,0,1,1,0,0,0,1,0,1,0,0,1,0,28.448999999999998,-16698.999999999996
136,1.0,4583.0,1,0,0,1,0,1,0,0,1,0,1,0,1,0,0,8.2404,-3657.3999999999996
137,1.0,6816.0,0,1,0,1,0,0,0,1,1,0,0,1,0,0,1,8.6328,-1816.7999999999993
138,0.0,14999.0,0,1,1,0,0,1,0,0,1,0,1,0,0,1,0,23.7402,-8741.2
139,1.0,5630.0,0,1,0,1,0,0,0,1,0,1,1,0,1,0,0,12.6549,-7024.9
140,1.0,7125.0,0,1,0,1,0,0,0,1,1,0,1,0,1,0,0,18.1485,-11023.5
141,1.0,5417.0,0,1,1,0,0,1,0,0,1,0,1,0,0,0,1,16.4808,-11063.8
142,1.0,6950.0,0,1,1,0,0,1,0,0,1,0,0,1,0,1,0,17.1675,-10217.5
143,1.0,4732.0,0,1,0,1,0,1,0,0,1,0,1,0,0,1,0,11.968200000000003,-7236.200000000003
144,1.0,11757.0,0,1,0,1,0,0,0,1,1,0,1,0,0,0,1,18.3447,-6587.700000000001
145,1.0,6816.0,1,0,0,1,0,1,0,0,1,0,1,0,0,1,0,9.81,-2994.0
146,1.0,14866.0,1,0,0,1,0,0,0,1,1,0,1,0,0,0,1,6.867000000000001,7998.999999999999
147,1.0,2963.0,0,1,0,1,0,0,1,0,1,0,1,0,0,0,1,2.943,20.0
148,1.0,11666.0,1,0,1,0,0,1,0,0,1,0,1,0,1,0,0,22.0725,-10406.5
149,1.0,5690.0,0,1,0,1,0,1,0,0,1,0,1,0,0,1,0,12.262500000000001,-6572.500000000002
150,0.0,6277.0,0,1,1,0,0,1,0,0,1,0,1,0,1,0,0,11.5758,-5298.799999999999
151,1.0,6327.0,0,1,0,1,0,1,0,0,1,0,0,1,1,0,0,14.911200000000001,-8584.2
152,1.0,9166.0,0,1,1,0,0,1,0,0,1,0,1,0,0,0,1,23.936400000000006,-14770.400000000005
153,1.0,2281.0,0,1,0,1,0,0,0,1,0,1,1,0,1,0,0,11.0853,-8804.3
154,1.0,3254.0,0,1,1,0,0,1,0,0,1,0,1,0,0,0,1,4.905,-1651.0
155,0.0,39999.0,0,1,0,1,1,0,0,0,1,0,1,0,0,1,0,58.86000000000001,-18861.000000000007
156,1.0,6000.0,0,1,0,1,0,0,1,0,1,0,1,0,1,0,0,15.696,-9696.0
157,1.0,9538.0,0,1,0,1,0,0,1,0,1,0,1,0,0,0,1,18.3447,-8806.7
158,1.0,5063.0,0,1,1,0,0,1,0,0,1,0,1,0,1,0,0,11.772,-6709.0
159,1.0,10208.0,0,1,0,1,0,1,0,0,1,0,1,0,0,1,0,25.015500000000003,-14807.500000000004
160,1.0,2904.0,0,1,0,1,0,1,0,0,0,1,1,0,0,1,0,9.6138,-6709.799999999999
161,1.0,7933.0,0,1,0,1,0,1,0,0,1,0,1,0,0,0,1,26.9775,-19044.5
162,0.0,4369.0,0,1,0,1,0,0,1,0,1,0,1,0,0,1,0,11.8701,-7501.1
163,1.0,5614.0,0,1,0,1,0,0,0,1,1,0,1,0,1,0,0,15.4998,-9885.800000000001
164,1.0,9323.0,0,1,0,1,0,1,0,0,1,0,1,0,0,0,1,7.357500000000001,1965.499999999999
165,1.0,6873.0,0,1,0,1,0,1,0,0,1,0,1,0,1,0,0,17.8542,-10981.199999999997
166,1.0,4583.0,1,0,0,1,0,1,0,0,1,0,1,0,1,0,0,10.987200000000001,-6404.200000000001
167,1.0,5772.0,0,1,0,1,0,1,0,0,1,0,1,0,1,0,0,12.6549,-6882.9
168,0.0,2237.0,0,1,1,0,0,1,0,0,1,0,1,0,0,1,0,6.180300000000001,-3943.300000000001
169,1.0,8000.0,0,1,0,1,0,0,0,1,1,0,1,0,0,1,0,19.62,-11620.0
170,1.0,3589.0,0,1,0,1,0,1,0,0,0,1,1,0,1,0,0,9.3195,-5730.5
171,1.0,51763.0,0,1,0,1,1,0,0,0,1,0,1,0,0,0,1,68.67,-16907.0
172,1.0,3522.0,0,1,0,1,1,0,0,0,0,1,1,0,1,0,0,7.9461,-4424.1
173,1.0,11333.0,0,1,0,1,0,1,0,0,1,0,1,0,0,1,0,18.3447,-7011.700000000001
174,1.0,5080.0,0,1,0,1,0,1,0,0,0,1,0,1,0,1,0,8.5347,-3454.7000000000007
175,1.0,5461.0,0,1,0,1,0,1,0,0,1,0,1,0,1,0,0,11.3796,-5918.6
176,1.0,3664.0,0,1,0,1,0,0,0,1,1,0,1,0,1,0,0,9.908100000000001,-6244.1
177,0.0,16816.0,0,1,0,1,1,0,0,0,1,0,1,0,0,1,0,48.5595,-31743.5
178,1.0,3750.0,0,1,0,1,0,0,1,0,1,0,1,0,0,1,0,11.3796,-7629.6
179,0.0,3784.0,0,1,1,0,0,1,0,0,0,1,1,0,0,0,1,10.0062,-6222.199999999999
180,0.0,13650.0,0,1,0,1,0,0,1,0,1,0,1,0,0,0,1,17.658,-4008.0
181,1.0,6979.0,0,1,1,0,0,1,0,0,1,0,1,0,1,0,0,6.572699999999999,406.3000000000011
182,1.0,4600.0,0,1,0,1,0,1,0,0,1,0,1,0,0,1,0,7.1613,-2561.3
183,1.0,33846.0,0,1,0,1,0,0,1,0,1,0,1,0,0,1,0,25.506,8340.0
184,1.0,3625.0,1,0,0,1,0,1,0,0,1,0,1,0,0,1,0,10.5948,-6969.799999999999
185,1.0,43897.0,0,1,0,1,0,1,0,0,1,0,0,1,0,1,0,11.772,32125.0
186,0.0,2178.0,0,1,0,1,0,0,1,0,1,0,0,1,1,0,0,6.474600000000001,-4296.6
187,1.0,4521.0,0,1,0,1,0,1,0,0,1,0,1,0,1,0,0,5.6898,-1168.8000000000002
188,1.0,5970.0,0,1,0,1,0,1,0,0,1,0,0,1,1,0,0,16.4808,-10510.8
189,1.0,9328.0,0,1,0,1,0,1,0,0,1,0,1,0,1,0,0,18.4428,-9114.8
190,1.0,4885.0,0,1,1,0,0,1,0,0,0,1,1,0,1,0,0,4.7088,176.19999999999982
191,1.0,12000.0,0,1,1,0,0,1,0,0,1,0,1,0,0,1,0,16.0884,-4088.3999999999996
192,1.0,6033.0,0,1,0,1,0,1,0,0,0,1,1,0,0,0,1,15.696,-9663.0
193,1.0,3858.0,0,1,1,0,0,1,0,0,1,0,1,0,0,1,0,7.4556000000000004,-3597.6000000000004
194,1.0,4191.0,0,1,1,0,0,1,0,0,1,0,1,0,1,0,0,11.772,-7581.0
195,1.0,5708.0,0,1,0,1,0,0,1,0,1,0,1,0,0,1,0,16.677,-10969.0
196,1.0,12083.0,0,1,1,0,0,1,0,0,1,0,1,0,1,0,0,18.3447,-6261.700000000001
197,1.0,4272.0,1,0,1,0,0,1,0,0,0,1,1,0,0,0,1,11.772,-7500.0
198,1.0,6232.0,1,0,0,1,0,1,0,0,1,0,1,0,0,1,0,11.0853,-4853.299999999999
199,1.0,11000.0,0,1,1,0,0,1,0,0,1,0,0,1,0,0,1,8.1423,2857.7
200,1.0,5100.0,0,1,0,1,0,0,1,0,0,1,1,0,0,1,0,8.829,-3729.0
201,0.0,4923.0,0,1,1,0,0,0,0,1,1,0,1,0,0,1,0,16.2846,-11361.6
202,1.0,3992.0,0,1,0,1,1,0,0,0,0,1,1,0,0,0,1,12.556799999999999,-8564.8
203,1.0,4583.0,0,1,0,1,0,0,1,0,0,1,1,0,0,0,1,13.243500000000001,-8660.500000000002
204,1.0,3917.0,0,1,0,1,0,0,0,1,0,1,1,0,0,1,0,12.164400000000002,-8247.400000000001
205,1.0,4408.0,1,0,1,0,0,1,0,0,0,1,1,0,0,1,0,11.772,-7364.0
206,1.0,3244.0,1,0,1,0,0,1,0,0,1,0,1,0,0,0,1,7.848,-4604.0
207,1.0,6506.0,0,1,1,0,0,1,0,0,0,1,1,0,1,0,0,5.395500000000001,1110.499999999999
208,1.0,2479.0,0,1,1,0,0,1,0,0,1,0,1,0,0,0,1,5.7879,-3308.8999999999996
209,1.0,3418.0,0,1,1,0,0,1,0,0,1,0,1,0,0,1,0,12.4587,-9040.7
210,1.0,10000.0,1,0,1,0,0,1,0,0,1,0,1,0,0,1,0,20.9934,-10993.400000000001
211,0.0,4680.0,0,1,0,1,1,0,0,0,1,0,1,0,0,1,0,12.5568,-7876.800000000001
212,1.0,7787.0,0,1,0,1,0,0,1,0,1,0,0,1,0,0,1,23.544,-15757.0
213,1.0,5703.0,0,1,0,1,1,0,0,0,0,1,0,1,1,0,0,12.753,-7050.0
214,1.0,6194.0,0,1,0,1,0,1,0,0,1,0,1,0,0,0,1,13.4397,-7245.700000000001
215,1.0,4833.0,0,1,0,1,1,0,0,0,0,1,1,0,0,1,0,9.81,-4977.0
216,1.0,1950.0,0,1,0,1,0,1,0,0,1,0,1,0,1,0,0,13.243500000000001,-11293.500000000002
217,1.0,5502.0,0,1,0,1,0,1,0,0,1,0,1,0,0,1,0,12.851099999999999,-7349.0999999999985
218,0.0,5000.0,0,1,0,1,0,0,0,1,1,0,1,0,0,1,0,7.0632,-2063.2
219,1.0,6666.0,1,0,0,1,0,0,0,1,1,0,1,0,0,1,0,12.4587,-5792.700000000001
220,0.0,2221.0,0,1,0,1,0,1,0,0,1,0,1,0,0,0,1,5.886,-3665.0
221,1.0,5726.0,0,1,0,1,0,0,0,1,1,0,1,0,0,1,0,11.3796,-5653.6
222,1.0,5762.0,0,1,1,0,0,1,0,0,1,0,1,0,0,1,0,14.1264,-8364.4
223,1.0,8588.0,0,1,0,1,0,1,0,0,1,0,1,0,0,1,0,17.1675,-8579.5
224,1.0,6250.0,0,1,0,1,0,1,0,0,1,0,1,0,0,1,0,12.5568,-6306.800000000001
225,1.0,3250.0,0,1,0,1,0,1,0,0,1,0,1,0,1,0,0,16.677,-13427.0
226,1.0,4735.0,0,1,0,1,0,1,0,0,0,1,0,1,0,0,1,13.537799999999999,-8802.8
227,1.0,7945.0,0,1,0,1,0,0,0,1,1,0,1,0,0,1,0,20.601,-12656.0
228,1.0,4758.0,0,1,0,1,0,1,0,0,1,0,1,0,0,1,0,15.499800000000002,-10741.800000000003
229,1.0,6400.0,0,1,1,0,0,1,0,0,1,0,0,1,1,0,0,19.62,-13220.0
230,1.0,4545.0,0,1,0,1,0,0,1,0,1,0,1,0,0,1,0,10.202399999999999,-5657.4
231,1.0,3716.0,0,1,0,1,0,1,0,0,1,0,1,0,1,0,0,4.1202,-404.1999999999998
232,1.0,5787.0,0,1,1,0,0,1,0,0,0,1,1,0,1,0,0,11.772,-5985.0
233,1.0,8333.0,1,0,1,0,0,1,0,0,1,0,1,0,0,1,0,27.468000000000004,-19135.000000000004
234,1.0,4934.0,0,1,0,1,0,0,1,0,1,0,1,0,0,1,0,13.734000000000002,-8800.000000000002
235,1.0,6760.0,0,1,0,1,0,0,1,0,1,0,1,0,1,0,0,16.677,-9917.0
236,1.0,5746.0,0,1,0,1,0,1,0,0,1,0,1,0,0,0,1,25.015500000000003,-19269.500000000004
237,1.0,3463.0,1,0,1,0,0,1,0,0,1,0,0,1,0,0,1,11.968200000000003,-8505.200000000003
238,1.0,3812.0,1,0,1,0,0,0,1,0,1,0,1,0,1,0,0,10.987200000000001,-7175.200000000001
239,1.0,3315.0,0,1,0,1,0,0,1,0,1,0,1,0,0,1,0,9.4176,-6102.6
240,1.0,10819.0,0,1,0,1,0,0,0,1,1,0,1,0,1,0,0,11.772,-953.0
241,1.0,4493.0,0,1,0,1,0,0,1,0,0,1,1,0,0,0,1,13.734000000000002,-9241.000000000002
242,1.0,8666.0,0,1,1,0,0,1,0,0,1,0,1,0,0,0,1,15.2055,-6539.5
243,1.0,7550.0,0,1,0,1,0,0,0,1,1,0,0,1,1,0,0,10.5948,-3044.7999999999993
244,1.0,7823.0,0,1,0,1,0,1,0,0,0,1,1,0,0,1,0,12.066300000000002,-4243.300000000001
245,1.0,10383.0,0,1,1,0,0,1,0,0,1,0,0,1,0,0,1,11.771999999999998,-1388.9999999999982
246,1.0,9703.0,0,1,0,1,0,0,0,1,1,0,1,0,0,0,1,10.987200000000001,-1284.2000000000007
247,1.0,6608.0,0,1,0,1,0,0,1,0,0,1,1,0,0,0,1,13.4397,-6831.700000000001
248,1.0,4725.0,0,1,0,1,0,0,1,0,1,0,1,0,0,1,0,12.066300000000002,-7341.300000000001
249,1.0,3677.0,0,1,0,1,0,1,0,0,1,0,1,0,0,0,1,8.829,-5152.0
250,0.0,5558.0,0,1,0,1,0,1,0,0,0,1,1,0,0,1,0,19.7181,-14160.099999999999
251,1.0,3427.0,1,0,1,0,0,0,0,1,1,0,1,0,0,0,1,13.537799999999999,-10110.8
252,1.0,4750.0,0,1,1,0,0,1,0,0,0,1,0,1,1,0,0,10.202399999999999,-5452.4
253,1.0,9762.0,0,1,0,1,0,0,1,0,0,1,1,0,0,1,0,27.369899999999998,-17607.899999999998
254,0.0,16250.0,0,1,1,0,0,1,0,0,1,0,0,1,0,0,1,18.8352,-2585.2000000000007
255,1.0,3083.0,1,0,1,0,1,0,0,0,1,0,1,0,1,0,0,25.015500000000003,-21932.500000000004
256,0.0,6045.0,0,1,1,0,0,1,0,0,0,1,1,0,1,0,0,11.2815,-5236.5
257,1.0,5250.0,0,1,0,1,1,0,0,0,1,0,1,0,0,0,1,9.2214,-3971.3999999999996
258,1.0,16783.0,0,1,0,1,0,1,0,0,1,0,1,0,1,0,0,29.822400000000002,-13039.400000000001
259,1.0,4931.0,0,1,0,1,1,0,0,0,0,1,1,0,0,1,0,12.5568,-7625.800000000001
260,1.0,10333.0,0,1,0,1,0,0,1,0,1,0,1,0,0,0,1,32.373000000000005,-22040.000000000004
261,1.0,4269.0,0,1,1,0,0,1,0,0,1,0,1,0,0,1,0,13.145399999999999,-8876.399999999998
262,1.0,3481.0,1,0,1,0,0,0,1,0,1,0,1,0,0,1,0,15.205499999999999,-11724.499999999998
263,1.0,7200.0,1,0,1,0,0,1,0,0,1,0,1,0,1,0,0,11.772,-4572.0
264,1.0,5166.0,0,1,1,0,0,1,0,0,1,0,0,1,0,1,0,12.5568,-7390.800000000001
265,1.0,7542.0,0,1,1,0,0,1,0,0,1,0,1,0,1,0,0,14.8131,-7271.1
266,1.0,6095.0,0,1,0,1,0,0,0,1,1,0,1,0,0,1,0,14.715,-8620.0
267,0.0,6144.0,0,1,0,1,1,0,0,0,1,0,1,0,0,0,1,15.696,-9552.0
268,1.0,3418.0,1,0,1,0,0,1,0,0,1,0,1,0,1,0,0,13.243500000000001,-9825.500000000002
269,1.0,4436.0,1,0,1,0,0,0,1,0,1,0,1,0,0,0,1,8.829,-4393.0
270,1.0,3237.0,1,0,1,0,0,1,0,0,1,0,1,0,0,0,1,2.943,294.0
271,1.0,11146.0,0,1,0,1,0,1,0,0,1,0,1,0,0,0,1,13.3416,-2195.6000000000004
272,1.0,4690.0,0,1,1,0,0,1,0,0,1,0,1,0,1,0,0,12.360600000000002,-7670.600000000002
273,1.0,4843.0,0,1,0,1,0,1,0,0,1,0,1,0,0,1,0,14.715,-9872.0
274,1.0,3900.0,0,1,0,1,0,0,0,1,1,0,1,0,0,1,0,8.829,-4929.0
275,1.0,4592.0,0,1,0,1,0,0,1,0,1,0,1,0,0,1,0,11.2815,-6689.5
276,1.0,7267.0,0,1,0,1,0,1,0,0,1,0,1,0,0,1,0,20.3067,-13039.7
277,1.0,4403.0,0,1,0,1,0,1,0,0,1,0,1,0,0,0,1,7.848,-3445.0
278,1.0,14583.0,0,1,0,1,0,1,0,0,1,0,1,0,0,1,0,42.77160000000001,-28188.600000000006
279,1.0,4100.0,1,0,0,1,0,1,0,0,0,1,1,0,1,0,0,12.164400000000002,-8064.4000000000015
280,0.0,6479.0,0,1,1,0,0,0,1,0,0,1,0,1,0,0,1,15.4998,-9020.800000000001
281,1.0,4727.0,0,1,0,1,0,1,0,0,1,0,1,0,0,1,0,10.987200000000001,-6260.200000000001
282,1.0,3286.7999878,0,1,0,1,0,0,0,1,1,0,1,0,0,0,1,7.6518,-4365.000012199999
283,1.0,3477.0,1,0,1,0,0,1,0,0,1,0,1,0,0,0,1,5.2974,-1820.3999999999996
284,1.0,20667.0,0,1,0,1,0,1,0,0,1,0,1,0,1,0,0,12.5568,8110.199999999999
285,1.0,6211.0,0,1,1,0,0,1,0,0,1,0,1,0,1,0,0,8.7309,-2519.8999999999996
286,1.0,4317.0,1,0,1,0,0,1,0,0,1,0,0,1,0,1,0,9.711900000000002,-5394.9000000000015
287,1.0,5704.0,0,1,0,1,0,1,0,0,1,0,1,0,1,0,0,11.772,-6068.0
288,1.0,4124.0,1,0,1,0,0,1,0,0,1,0,1,0,0,1,0,11.2815,-7157.5
289,1.0,9508.0,0,1,1,0,0,1,0,0,1,0,1,0,1,0,0,18.3447,-8836.7
290,1.0,5491.0,0,1,0,1,0,1,0,0,1,0,1,0,1,0,0,13.6359,-8144.9
291,0.0,4400.0,0,1,0,1,0,0,0,1,1,0,1,0,0,1,0,12.4587,-8058.700000000001
292,1.0,4713.0,0,1,0,1,0,0,0,1,1,0,1,0,0,0,1,13.145399999999999,-8432.399999999998
293,0.0,5417.0,1,0,1,0,0,1,0,0,1,0,1,0,0,0,1,14.028300000000002,-8611.300000000001
294,1.0,5717.0,0,1,0,1,0,1,0,0,1,0,1,0,0,1,0,16.873199999999997,-11156.199999999997
295,1.0,5666.0,0,1,0,1,1,0,0,0,1,0,1,0,0,0,1,10.791000000000002,-5125.000000000002
296,1.0,6875.0,0,1,0,1,0,0,1,0,1,0,1,0,0,1,0,19.62,-12745.0
297,1.0,4666.0,1,0,0,1,0,0,1,0,1,0,1,0,0,0,1,13.243500000000001,-8577.500000000002
298,1.0,7541.0,1,0,1,0,0,1,0,0,1,0,1,0,1,0,0,14.813100000000002,-7272.100000000002
299,1.0,4939.0,0,1,0,1,0,0,1,0,1,0,1,0,0,0,1,11.0853,-6146.299999999999
300,0.0,4734.0,0,1,0,1,0,1,0,0,0,1,1,0,0,0,1,9.1233,-4389.300000000001
301,1.0,4625.0,0,1,0,1,0,1,0,0,0,1,1,0,0,1,0,10.3005,-5675.5
302,1.0,5000.0,1,0,1,0,0,1,0,0,1,0,1,0,1,0,0,12.9492,-7949.199999999999
303,1.0,3428.0,0,1,0,1,0,0,1,0,1,0,1,0,0,0,1,9.4176,-5989.6
304,1.0,6500.0,0,1,1,0,0,1,0,0,1,0,1,0,1,0,0,13.734000000000002,-7234.000000000002
305,1.0,2000.0,0,1,1,0,0,1,0,0,0,1,1,0,0,0,1,12.5568,-10556.800000000001
306,1.0,5428.0,1,0,1,0,0,1,0,0,1,0,1,0,1,0,0,13.243500000000001,-7815.500000000002
307,0.0,4263.0,1,0,1,0,0,1,0,0,1,0,1,0,0,0,1,10.202399999999999,-5939.4
308,1.0,20233.0,0,1,1,0,0,1,0,0,1,0,1,0,1,0,0,47.088,-26855.0
309,1.0,7667.0,0,1,0,1,0,0,0,1,0,1,1,0,1,0,0,18.1485,-10481.5
310,1.0,2917.0,1,0,1,0,0,1,0,0,1,0,1,0,0,1,0,8.2404,-5323.4
311,1.0,5332.0,0,1,1,0,0,1,0,0,0,1,1,0,0,1,0,10.889100000000001,-5557.1
312,1.0,2507.0,1,0,1,0,0,1,0,0,1,0,1,0,1,0,0,5.493600000000001,-2986.6000000000004
313,1.0,5746.0,0,1,0,1,0,0,0,1,1,0,0,1,1,0,0,14.126400000000002,-8380.400000000001
314,1.0,4316.0,0,1,0,1,0,1,0,0,1,0,1,0,1,0,0,15.597900000000001,-11281.900000000001
315,1.0,5039.0,0,1,0,1,0,0,1,0,0,1,1,0,0,0,1,10.889100000000001,-5850.1
316,1.0,3717.0,0,1,0,1,0,0,0,1,1,0,1,0,0,1,0,11.772,-8055.0
317,1.0,4192.0,0,1,0,1,0,1,0,0,1,0,1,0,0,0,1,8.6328,-4440.799999999999
318,1.0,3541.0,1,0,1,0,0,0,1,0,1,0,1,0,0,1,0,10.987200000000001,-7446.200000000001
319,1.0,10000.0,0,1,0,1,0,0,1,0,1,0,0,1,1,0,0,15.205499999999999,-5205.499999999998
320,1.0,4567.0,0,1,0,1,0,1,0,0,1,0,1,0,0,1,0,11.2815,-6714.5
321,1.0,4531.0,0,1,0,1,1,0,0,0,1,0,1,0,0,1,0,12.164400000000002,-7633.4000000000015
322,1.0,5191.0,0,1,0,1,0,0,0,1,0,1,1,0,1,0,0,12.5568,-7365.800000000001
323,1.0,6151.0,1,0,1,0,0,1,0,0,1,0,1,0,1,0,0,12.9492,-6798.199999999999
324,1.0,15000.0,0,1,0,1,1,0,0,0,1,0,1,0,1,0,0,29.43,-14430.0
325,0.0,13649.0,0,1,0,1,0,0,1,0,1,0,0,1,1,0,0,36.8856,-23236.6
326,0.0,4917.0,0,1,1,0,0,1,0,0,1,0,1,0,1,0,0,12.753,-7836.0
327,1.0,7978.0,0,1,0,1,0,1,0,0,1,0,0,1,0,1,0,18.0504,-10072.400000000001
328,1.0,6784.0,1,0,0,1,0,1,0,0,1,0,1,0,0,0,1,10.791000000000002,-4007.000000000002
329,1.0,2500.0,1,0,1,0,0,1,0,0,1,0,1,0,0,0,1,6.572699999999999,-4072.699999999999
330,1.0,6177.0,0,1,1,0,0,0,1,0,1,0,1,0,0,0,1,11.477699999999999,-5300.699999999999
331,1.0,2935.0,0,1,1,0,0,1,0,0,1,0,1,0,0,1,0,9.6138,-6678.799999999999
332,1.0,2833.0,0,1,1,0,0,1,0,0,1,0,1,0,0,0,1,6.9651000000000005,-4132.1
333,1.0,63337.0,0,1,0,1,0,1,0,0,1,0,1,0,0,0,1,48.069,15268.0
334,1.0,11666.0,0,1,0,1,0,0,1,0,1,0,0,1,0,0,1,17.8542,-6188.199999999997
335,1.0,9993.0,0,1,0,1,0,1,0,0,1,0,0,1,0,1,0,6.867000000000001,3125.999999999999
336,1.0,5938.0,0,1,0,1,0,0,1,0,1,0,1,0,1,0,0,15.696,-9758.0
337,1.0,7100.0,0,1,0,1,0,0,0,1,1,0,0,1,1,0,0,17.2656,-10165.599999999999
338,0.0,1830.0,1,0,1,0,1,0,0,0,0,1,1,0,0,0,1,12.5568,-10726.800000000001
339,1.0,4160.0,1,0,1,0,0,1,0,0,1,0,1,0,0,1,0,6.9651000000000005,-2805.1000000000004
340,1.0,4234.0,0,1,0,1,1,0,0,0,0,1,1,0,1,0,0,16.9713,-12737.3
341,1.0,2378.0,1,0,1,0,0,1,0,0,1,0,1,0,1,0,0,4.5126,-2134.6000000000004
342,1.0,5783.0,0,1,0,1,0,0,1,0,0,1,1,0,0,0,1,15.4998,-9716.800000000001
343,1.0,3173.0,0,1,0,1,1,0,0,0,0,1,1,0,0,1,0,7.2594,-4086.4000000000005
344,1.0,4913.0,0,1,0,1,0,0,0,1,1,0,1,0,1,0,0,12.262500000000001,-7349.500000000002
345,1.0,4957.0,0,1,0,1,0,1,0,0,1,0,1,0,0,1,0,15.696,-10739.0
346,0.0,6753.0,0,1,0,1,0,1,0,0,0,1,1,0,1,0,0,14.911200000000001,-8158.200000000001
347,1.0,5251.0,0,1,0,1,0,0,0,1,0,1,1,0,0,0,1,12.360600000000002,-7109.600000000002
348,1.0,10916.0,0,1,0,1,0,1,0,0,1,0,1,0,0,1,0,25.4079,-14491.900000000001
349,1.0,8875.0,0,1,0,1,0,1,0,0,1,0,1,0,1,0,0,18.3447,-9469.7
350,1.0,9083.0,0,1,0,1,0,1,0,0,1,0,1,0,0,1,0,22.3668,-13283.800000000003
351,1.0,12917.0,0,1,1,0,0,1,0,0,1,0,1,0,1,0,0,30.2148,-17297.8
352,1.0,4749.0,0,1,0,1,1,0,0,0,1,0,1,0,1,0,0,9.3195,-4570.5
353,0.0,5500.0,1,0,0,1,0,1,0,0,1,0,0,1,1,0,0,10.3005,-4800.5
354,1.0,2928.0,1,0,0,1,0,1,0,0,1,0,1,0,0,1,0,12.753,-9825.0
355,1.0,3813.0,1,0,1,0,0,1,0,0,1,0,1,0,0,0,1,11.3796,-7566.6
356,1.0,11500.0,0,1,0,1,0,0,0,1,1,0,1,0,1,0,0,16.186500000000002,-4686.500000000002
357,1.0,3875.0,0,1,0,1,0,0,1,0,1,0,1,0,0,0,1,6.572699999999999,-2697.699999999999
358,0.0,4666.0,0,1,0,1,0,1,0,0,0,1,1,0,0,0,1,9.81,-5144.0
359,1.0,8334.0,0,1,0,1,1,0,0,0,1,0,1,0,0,1,0,19.62,-11286.0
360,1.0,4723.0,1,0,1,0,0,0,1,0,1,0,1,0,0,1,0,7.946100000000001,-3223.1000000000013
361,1.0,8667.0,0,1,0,1,0,0,0,1,1,0,1,0,0,1,0,23.1516,-14484.599999999999
362,1.0,7083.0,0,1,0,1,0,1,0,0,1,0,1,0,0,0,1,12.753,-5670.0
363,1.0,6046.0,0,1,0,1,0,1,0,0,1,0,1,0,0,0,1,9.319500000000001,-3273.500000000002
364,1.0,6822.0,0,1,1,0,0,1,0,0,1,0,0,1,1,0,0,13.8321,-7010.1
365,1.0,6216.0,0,1,1,0,0,1,0,0,0,1,1,0,1,0,0,13.047299999999998,-6831.299999999997
366,1.0,2500.0,0,1,1,0,0,1,0,0,1,0,1,0,0,1,0,9.417600000000002,-6917.600000000002
367,0.0,5124.0,0,1,1,0,0,1,0,0,1,0,1,0,1,0,0,12.164400000000002,-7040.4000000000015
368,1.0,6325.0,0,1,0,1,0,0,1,0,1,0,1,0,0,1,0,17.1675,-10842.5
369,1.0,24996.0,0,1,0,1,0,1,0,0,1,0,1,0,1,0,0,55.917,-30921.0
370,1.0,15759.0,1,0,1,0,0,1,0,0,1,0,0,1,0,1,0,5.395500000000001,10363.5
371,1.0,5185.0,0,1,0,1,0,0,0,1,1,0,1,0,0,1,0,15.205499999999999,-10020.499999999998
372,1.0,17196.0,0,1,0,1,0,0,0,1,1,0,0,1,1,0,0,37.278000000000006,-20082.000000000007
373,0.0,5049.0,0,1,1,0,0,0,1,0,1,0,1,0,0,0,1,10.889100000000001,-5840.1
374,1.0,4223.0,1,0,1,0,0,1,0,0,1,0,1,0,0,0,1,10.791000000000002,-6568.000000000002
375,1.0,5740.0,0,1,0,1,0,1,0,0,1,0,1,0,0,0,1,11.771999999999998,-6031.999999999998
376,1.0,13746.0,0,1,0,1,1,0,0,0,1,0,1,0,1,0,0,12.753,993.0
377,1.0,4310.0,0,1,0,1,0,1,0,0,1,0,1,0,0,1,0,12.753,-8443.0
378,1.0,3069.0,0,1,1,0,0,1,0,0,1,0,1,0,0,0,1,6.9651000000000005,-3896.1000000000004
379,1.0,5391.0,0,1,0,1,0,0,0,1,1,0,1,0,0,0,1,12.753,-7362.0
380,1.0,5833.0,0,1,0,1,0,1,0,0,1,0,1,0,0,1,0,12.5568,-6723.800000000001
381,1.0,10173.0,0,1,1,0,0,1,0,0,1,0,1,0,0,1,0,29.0376,-18864.600000000002
382,1.0,6000.0,1,0,1,0,0,1,0,0,1,0,1,0,0,0,1,15.3036,-9303.599999999999
383,1.0,7167.0,0,1,1,0,0,1,0,0,1,0,0,1,0,0,1,12.5568,-5389.800000000001
384,1.0,4566.0,0,1,0,1,0,0,0,1,1,0,1,0,0,0,1,9.81,-5244.0
385,1.0,3667.0,0,1,1,0,0,0,1,0,1,0,1,0,0,0,1,11.0853,-7418.299999999999
386,1.0,3946.0,0,1,1,0,0,1,0,0,0,1,1,0,0,1,0,12.9492,-9003.199999999999
387,0.0,6146.0,0,1,0,1,0,1,0,0,0,1,1,0,0,0,1,12.5568,-6410.800000000001
388,1.0,4750.0,0,1,0,1,0,1,0,0,1,0,1,0,0,0,1,13.3416,-8591.6
389,1.0,5488.0,0,1,0,1,0,1,0,0,1,0,1,0,1,0,0,12.262500000000001,-6774.500000000002
390,1.0,9167.0,0,1,1,0,1,0,0,0,1,0,1,0,1,0,0,18.1485,-8981.5
391,1.0,9504.0,0,1,0,1,1,0,0,0,1,0,1,0,1,0,0,26.9775,-17473.5
392,1.0,4698.0,0,1,0,1,0,1,0,0,1,0,1,0,0,0,1,11.772,-7074.0
393,1.0,3618.0,0,1,0,1,0,0,0,1,0,1,1,0,0,1,0,11.0853,-7467.299999999999
394,1.0,4500.0,0,1,0,1,0,0,0,1,1,0,1,0,0,0,1,11.0853,-6585.299999999999
395,1.0,3760.0,0,1,0,1,0,0,0,1,1,0,1,0,0,1,0,13.243500000000001,-9483.500000000002
396,0.0,3180.0,1,0,1,0,0,1,0,0,1,0,1,0,0,0,1,6.9651000000000005,-3785.1000000000004
397,1.0,4492.0,0,1,0,1,0,1,0,0,1,0,1,0,0,0,1,9.3195,-4827.5
398,1.0,5568.0,0,1,1,0,0,1,0,0,0,1,1,0,1,0,0,10.692900000000002,-5124.9000000000015
399,0.0,3300.0,1,0,1,0,0,1,0,0,1,0,1,0,0,1,0,10.1043,-6804.300000000001
400,0.0,2889.0,0,1,0,1,0,0,0,1,0,1,1,0,0,0,1,4.414499999999999,-1525.499999999999
401,1.0,2755.0,0,1,1,0,0,1,0,0,0,1,1,0,1,0,0,6.376500000000001,-3621.500000000001
402,1.0,22500.0,0,1,1,0,0,1,0,0,1,0,1,0,0,1,0,10.1043,12395.699999999999
403,1.0,1963.0,1,0,1,0,0,1,0,0,0,1,1,0,0,1,0,5.1993,-3236.3
404,1.0,7441.0,1,0,1,0,0,1,0,0,1,0,0,1,1,0,0,19.0314,-11590.400000000001
405,1.0,4547.0,1,0,1,0,0,1,0,0,1,0,1,0,0,1,0,11.2815,-6734.5
406,1.0,4567.0,0,1,0,1,0,1,0,0,0,1,1,0,0,0,1,11.2815,-6714.5
407,1.0,2213.0,1,0,1,0,0,1,0,0,0,1,1,0,1,0,0,6.4746,-4261.599999999999
408,0.0,8300.0,0,1,0,1,0,0,1,0,1,0,1,0,0,1,0,14.911200000000001,-6611.200000000001
409,0.0,81000.0,0,1,0,1,1,0,0,0,1,0,1,0,1,0,0,35.316,45684.0
410,1.0,3867.0,1,0,1,0,0,0,1,0,0,1,0,1,0,1,0,6.082200000000001,-2215.2000000000007
411,1.0,6256.0,0,1,0,1,0,1,0,0,1,0,1,0,0,0,1,15.696,-9440.0
412,0.0,6096.0,0,1,0,1,0,1,0,0,0,1,1,0,1,0,0,21.385800000000003,-15289.800000000003
413,1.0,4286.0,0,1,0,1,0,1,0,0,0,1,1,0,1,0,0,10.791000000000002,-6505.000000000002
414,0.0,5386.0,1,0,0,1,0,1,0,0,0,1,1,0,0,1,0,17.4618,-12075.8
415,1.0,2995.0,1,0,1,0,0,1,0,0,1,0,1,0,0,0,1,5.886,-2891.0
416,1.0,2600.0,1,0,1,0,0,0,1,0,1,0,1,0,0,0,1,15.696,-13096.0
417,1.0,21600.0,0,1,0,1,0,0,0,1,1,0,0,1,0,0,1,23.4459,-1845.9000000000015
418,1.0,3798.0,0,1,0,1,0,1,0,0,1,0,1,0,1,0,0,10.987200000000001,-7189.200000000001
419,1.0,4663.0,0,1,0,1,0,1,0,0,1,0,1,0,0,1,0,13.537799999999999,-8874.8
420,1.0,5829.0,0,1,0,1,0,1,0,0,1,0,1,0,1,0,0,13.537799999999999,-7708.799999999999
421,0.0,2720.0,1,0,1,0,0,1,0,0,0,1,1,0,0,0,1,7.848,-5128.0
422,1.0,3539.0,0,1,0,1,0,1,0,0,1,0,1,0,0,0,1,9.81,-6271.0
423,0.0,8917.0,0,1,0,1,0,0,1,0,1,0,1,0,0,0,1,10.791000000000002,-1874.0000000000018
424,1.0,14880.0,0,1,0,1,0,1,0,0,1,0,1,0,0,1,0,9.4176,5462.4
425,1.0,6966.0,0,1,0,1,0,1,0,0,1,0,1,0,1,0,0,11.8701,-4904.1
426,1.0,4606.0,1,0,1,0,0,0,1,0,0,1,1,0,1,0,0,7.946100000000001,-3340.1000000000013
427,1.0,5935.0,0,1,0,1,0,0,0,1,1,0,1,0,0,1,0,13.047299999999998,-7112.299999999997
428,1.0,2936.12000084,0,1,0,1,0,1,0,0,1,0,1,0,1,0,0,8.5347,-5598.579999160001
429,1.0,2717.0,0,1,1,0,0,1,0,0,0,1,1,0,0,0,1,5.885999999999999,-3168.999999999999
430,1.0,8624.0,1,0,1,0,0,0,1,0,1,0,0,1,0,1,0,14.715,-6091.0
431,0.0,6500.0,0,1,1,0,0,1,0,0,1,0,1,0,1,0,0,10.3005,-3800.5
432,1.0,12876.0,0,1,1,0,0,1,0,0,1,0,1,0,0,1,0,39.7305,-26854.5
433,1.0,4765.0,0,1,0,1,0,1,0,0,1,0,1,0,0,1,0,14.0283,-9263.3
434,1.0,3750.0,0,1,1,0,0,1,0,0,1,0,1,0,0,0,1,9.81,-6060.0
435,1.0,10047.0,1,0,0,1,0,1,0,0,1,0,1,0,0,1,0,12.5568,-2509.800000000001
436,1.0,3777.0,0,1,1,0,0,1,0,0,1,0,1,0,0,1,0,4.905,-1128.0
437,1.0,3338.0,0,1,0,1,0,1,0,0,1,0,1,0,0,0,1,12.5568,-9218.800000000001
438,0.0,10416.0,0,1,1,0,0,1,0,0,1,0,0,1,0,0,1,18.3447,-7928.700000000001
439,1.0,7142.0,1,0,0,1,0,1,0,0,0,1,0,1,1,0,0,13.537799999999999,-6395.799999999999
440,1.0,8724.0,0,1,1,0,0,1,0,0,1,0,1,0,0,1,0,18.3447,-9620.7
441,1.0,9734.0,0,1,0,1,0,1,0,0,1,0,1,0,1,0,0,17.658,-7924.0
442,1.0,6700.0,0,1,1,0,1,0,0,0,0,1,1,0,0,1,0,14.5188,-7818.800000000001
443,1.0,37719.0,0,1,1,0,0,0,1,0,1,0,1,0,0,1,0,14.911200000000001,22807.8
444,1.0,15666.0,0,1,0,1,0,1,0,0,1,0,1,0,1,0,0,17.1675,-1501.5
445,1.0,4676.0,0,1,0,1,0,0,1,0,1,0,0,1,1,0,0,12.753,-8077.0
446,1.0,4652.0,0,1,0,1,0,0,0,1,0,1,1,0,1,0,0,10.791000000000002,-6139.000000000002
447,1.0,4915.0,0,1,0,1,0,1,0,0,1,0,1,0,1,0,0,5.395500000000001,-480.5000000000009
448,0.0,5050.0,0,1,0,1,0,0,0,1,1,0,1,0,1,0,0,14.715,-9665.0
449,1.0,4311.0,0,1,1,0,0,0,1,0,0,1,0,1,0,1,0,18.639,-14328.0
450,0.0,3564.0,0,1,0,1,0,0,0,1,0,1,1,0,1,0,0,12.262500000000001,-8698.500000000002
451,1.0,3414.0,0,1,0,1,0,0,0,1,0,1,1,0,0,0,1,5.886,-2472.0
452,0.0,5681.0,0,1,0,1,0,1,0,0,1,0,1,0,1,0,0,14.616900000000001,-8935.900000000001
453,0.0,4949.0,0,1,0,1,0,1,0,0,1,0,1,0,1,0,0,8.828999999999999,-3879.999999999998
454,1.0,7085.0,0,1,1,0,0,1,0,0,1,0,0,1,0,1,0,8.2404,-1155.3999999999996
455,1.0,3859.0,0,1,0,1,0,0,0,1,1,0,1,0,0,1,0,9.4176,-5558.6
456,1.0,4301.0,0,1,0,1,0,1,0,0,1,0,1,0,0,0,1,11.5758,-7274.799999999999
457,1.0,6277.0,0,1,0,1,0,1,0,0,1,0,1,0,0,0,1,16.9713,-10694.3
458,1.0,4354.0,0,1,1,0,0,0,0,1,1,0,1,0,1,0,0,13.3416,-8987.6
459,1.0,8334.0,0,1,0,1,0,1,0,0,1,0,1,0,0,1,0,15.696,-7362.0
460,1.0,6166.0,0,1,0,1,0,1,0,0,1,0,0,1,0,1,0,15.696,-9530.0
461,1.0,7740.0,0,1,0,1,1,0,0,0,1,0,1,0,0,0,1,12.556799999999999,-4816.799999999999
462,1.0,5203.0,0,1,0,1,0,1,0,0,1,0,1,0,1,0,0,15.0093,-9806.3
463,1.0,5191.0,1,0,1,0,0,0,1,0,0,1,1,0,0,1,0,12.9492,-7758.199999999999
464,0.0,4166.0,0,1,1,0,0,1,0,0,1,0,1,0,0,1,0,9.6138,-5447.799999999999
465,1.0,6000.0,0,1,1,0,0,1,0,0,1,0,1,0,1,0,0,13.734000000000002,-7734.000000000002
466,0.0,4611.0,0,1,0,1,1,0,0,0,0,1,1,0,0,0,1,6.867000000000001,-2256.000000000001
467,1.0,16692.0,0,1,0,1,0,1,0,0,1,0,1,0,0,1,0,10.791000000000002,5900.999999999998
468,1.0,3127.0,1,0,0,1,0,0,0,1,0,1,1,0,0,1,0,9.6138,-6486.799999999999
469,1.0,6784.0,0,1,0,1,0,1,0,0,1,0,1,0,0,0,1,10.791000000000002,-4007.000000000002
470,1.0,5529.0,0,1,0,1,0,0,1,0,1,0,0,1,0,1,0,15.892200000000003,-10363.200000000003
471,0.0,4153.0,0,1,0,1,0,0,1,0,0,1,1,0,1,0,0,11.0853,-6932.299999999999
472,1.0,4691.0,0,1,0,1,1,0,0,0,1,0,1,0,0,1,0,9.81,-5119.0
473,1.0,2500.0,1,0,1,0,0,1,0,0,1,0,0,1,0,0,1,9.1233,-6623.300000000001
474,1.0,10180.0,0,1,1,0,0,0,0,1,1,0,1,0,1,0,0,15.892200000000003,-5712.200000000003
475,1.0,17539.0,0,1,0,1,0,0,0,1,1,0,0,1,1,0,0,14.715,2824.0
476,1.0,8450.0,0,1,0,1,0,0,0,1,1,0,1,0,0,1,0,22.563000000000002,-14113.000000000004
477,0.0,4745.0,0,1,0,1,0,0,0,1,1,0,1,0,0,1,0,12.9492,-8204.199999999999
478,1.0,18917.0,0,1,0,1,0,0,1,0,1,0,0,1,0,1,0,8.436599999999999,10480.400000000001
479,1.0,4550.0,0,1,0,1,0,0,0,1,1,0,1,0,0,0,1,12.5568,-8006.800000000001
480,1.0,4350.0,1,0,1,0,0,1,0,0,0,1,1,0,1,0,0,15.1074,-10757.4
481,1.0,3095.0,0,1,0,1,1,0,0,0,0,1,1,0,1,0,0,11.0853,-7990.299999999999
482,1.0,5233.0,0,1,0,1,0,1,0,0,1,0,1,0,0,1,0,12.5568,-7323.800000000001
483,1.0,10833.0,0,1,0,1,0,1,0,0,1,0,1,0,0,1,0,22.955399999999997,-12122.399999999998
484,1.0,8333.0,0,1,0,1,0,0,0,1,1,0,1,0,0,1,0,24.132600000000004,-15799.600000000002
485,1.0,4394.0,0,1,0,1,0,0,1,0,0,1,1,0,1,0,0,12.851099999999999,-8457.099999999999
486,0.0,3547.0,0,1,1,0,0,0,0,1,1,0,1,0,1,0,0,7.848,-4301.0
487,1.0,18333.0,0,1,0,1,0,0,1,0,1,0,1,0,0,0,1,49.050000000000004,-30717.000000000007
488,1.0,6666.0,0,1,0,1,0,0,0,1,1,0,0,1,0,1,0,15.696,-9030.0
489,1.0,2435.0,0,1,1,0,0,1,0,0,1,0,1,0,0,0,1,7.3575,-4922.5
490,1.0,5484.0,0,1,1,0,0,1,0,0,0,1,1,0,0,1,0,9.4176,-3933.6000000000004
491,1.0,6464.0,0,1,0,1,0,0,1,0,0,1,1,0,0,0,1,18.2466,-11782.600000000002
492,1.0,3691.0,0,1,1,0,0,1,0,0,0,1,1,0,1,0,0,10.791000000000002,-7100.000000000002
493,1.0,17263.0,1,0,1,0,0,1,0,0,0,1,0,1,0,1,0,22.0725,-4809.5
494,0.0,5754.0,0,1,0,1,0,1,0,0,1,0,1,0,1,0,0,11.673899999999998,-5919.899999999998
495,1.0,4239.0,1,0,0,1,0,0,1,0,1,0,1,0,0,1,0,10.300500000000001,-6061.500000000002
496,1.0,4300.0,0,1,0,1,0,1,0,0,0,1,1,0,1,0,0,10.4967,-6196.700000000001
497,1.0,7482.0,0,1,0,1,0,1,0,0,1,0,1,0,0,0,1,10.889100000000001,-3407.1000000000004
498,1.0,2895.0,0,1,0,1,0,0,1,0,1,0,0,1,0,1,0,9.3195,-6424.5
499,0.0,10699.0,0,1,1,0,0,1,0,0,1,0,1,0,1,0,0,20.5029,-9803.900000000001
500,1.0,4328.0,1,0,1,0,0,1,0,0,1,0,1,0,1,0,0,11.085300000000002,-6757.300000000001
501,1.0,3159.0,1,0,1,0,0,1,0,0,1,0,1,0,0,1,0,9.81,-6651.0
502,1.0,10489.0,0,1,0,1,0,0,0,1,1,0,1,0,0,1,0,20.404799999999998,-9915.8
503,1.0,9352.0,0,1,0,1,0,0,1,0,0,1,1,0,1,0,0,13.537799999999999,-4185.799999999999
504,1.0,5297.0,0,1,0,1,0,1,0,0,0,1,1,0,0,1,0,12.164400000000002,-6867.4000000000015
505,1.0,7926.0,0,1,0,1,0,0,0,1,1,0,1,0,1,0,0,23.8383,-15912.3
506,1.0,27500.0,0,1,0,1,0,1,0,0,1,0,1,0,0,0,1,47.088,-19588.0
507,1.0,3583.0,0,1,1,0,0,1,0,0,1,0,1,0,0,0,1,9.4176,-5834.6
508,1.0,5492.0,0,1,0,1,0,1,0,0,1,0,0,1,0,0,1,18.4428,-12950.8
509,1.0,13262.0,1,0,1,0,0,0,1,0,1,0,1,0,0,0,1,3.924,9338.0
510,1.0,4885.0,0,1,1,0,0,1,0,0,0,1,1,0,1,0,0,9.81,-4925.0
511,1.0,8069.0,0,1,0,1,0,0,1,0,1,0,1,0,0,1,0,24.525000000000002,-16456.000000000004
512,1.0,5318.0,0,1,0,1,0,0,0,1,1,0,1,0,0,0,1,14.5188,-9200.800000000001
513,1.0,8796.0,0,1,0,1,0,1,0,0,1,0,1,0,0,1,0,6.867000000000001,1928.999999999999
514,1.0,9481.0,0,1,1,0,0,1,0,0,1,0,1,0,1,0,0,30.509099999999997,-21028.099999999995
515,1.0,6894.0,0,1,0,1,1,0,0,0,1,0,1,0,1,0,0,14.715,-7821.0
516,1.0,3663.0,1,0,0,1,0,0,0,1,1,0,1,0,0,1,0,11.085300000000002,-7422.300000000001
517,0.0,4874.0,0,1,0,1,0,1,0,0,0,1,1,0,0,1,0,12.066300000000002,-7192.300000000001
518,1.0,6598.0,0,1,1,0,0,1,0,0,1,0,1,0,0,1,0,18.1485,-11550.5
519,1.0,3400.0,1,0,1,0,0,1,0,0,0,1,1,0,1,0,0,9.3195,-5919.5
520,1.0,3934.0,0,1,0,1,0,0,0,1,0,1,1,0,0,1,0,4.4145,-480.5
521,1.0,2500.0,0,1,1,0,0,1,0,0,1,0,1,0,0,1,0,5.395500000000001,-2895.500000000001
522,1.0,7101.0,0,1,0,1,1,0,0,0,1,0,0,1,1,0,0,9.81,-2709.0
523,1.0,15114.0,0,1,0,1,0,0,0,1,1,0,0,1,1,0,0,47.088,-31974.0
524,1.0,6767.0,0,1,1,0,0,1,0,0,1,0,1,0,0,1,0,12.5568,-5789.800000000001
525,1.0,17500.0,0,1,0,1,0,0,0,1,1,0,0,1,1,0,0,39.24,-21740.0
526,1.0,3775.0,0,1,0,1,0,1,0,0,1,0,1,0,0,1,0,10.791000000000002,-7016.000000000002
527,0.0,6715.0,0,1,0,1,0,0,1,0,0,1,1,0,0,1,0,15.794100000000002,-9079.100000000002
528,1.0,3981.0,0,1,1,0,0,0,1,0,0,1,1,0,0,1,0,9.2214,-5240.4
529,1.0,6783.0,0,1,1,0,0,1,0,0,0,1,1,0,0,1,0,12.753,-5970.0
530,1.0,6525.0,0,1,0,1,0,1,0,0,1,0,1,0,1,0,0,21.1896,-14664.599999999999
531,1.0,4281.0,0,1,0,1,1,0,0,0,1,0,1,0,0,0,1,9.81,-5529.0
532,0.0,3588.0,0,1,1,0,0,0,0,1,1,0,1,0,1,0,0,10.791000000000002,-7203.000000000002
533,1.0,11250.0,0,1,1,0,0,0,1,0,1,0,1,0,0,1,0,19.2276,-7977.5999999999985
534,1.0,18165.0,1,0,1,0,0,1,0,0,0,1,0,1,0,0,1,12.262500000000001,5902.499999999998
535,1.0,4592.0,0,1,1,0,0,1,0,0,0,1,1,0,1,0,0,12.360600000000002,-7768.600000000002
536,1.0,10039.0,0,1,0,1,0,1,0,0,1,0,1,0,0,0,1,31.784400000000005,-21745.400000000005
537,1.0,3617.0,0,1,1,0,0,0,0,1,1,0,1,0,0,1,0,10.4967,-6879.700000000001
538,1.0,3453.0,0,1,0,1,0,1,0,0,0,1,1,0,1,0,0,6.4746,-3021.5999999999995
539,1.0,6417.0,0,1,0,1,1,0,0,0,1,0,1,0,1,0,0,15.401699999999998,-8984.699999999999
540,1.0,7453.0,1,0,0,1,0,0,1,0,1,0,1,0,0,1,0,13.734000000000002,-6281.000000000002
541,0.0,2138.0,1,0,1,0,0,1,0,0,1,0,1,0,0,1,0,9.711900000000002,-7573.9000000000015
542,1.0,3652.0,1,0,1,0,0,0,1,0,1,0,1,0,0,1,0,9.3195,-5667.5
543,1.0,4763.0,0,1,0,1,0,0,1,0,0,1,1,0,0,0,1,12.5568,-7793.800000000001
544,1.0,3680.0,1,0,0,1,0,1,0,0,0,1,1,0,0,1,0,10.0062,-6326.199999999999
545,1.0,4718.0,0,1,0,1,0,1,0,0,1,0,1,0,1,0,0,15.205499999999999,-10487.499999999998
546,1.0,3358.0,0,1,1,0,0,1,0,0,0,1,1,0,0,1,0,7.847999999999998,-4489.999999999998
547,1.0,4309.0,0,1,1,0,0,1,0,0,1,0,1,0,1,0,0,14.224499999999999,-9915.499999999998
548,0.0,5000.0,1,0,1,0,0,1,0,0,1,0,1,0,0,1,0,10.1043,-5104.300000000001
549,1.0,4801.0,0,1,0,1,0,1,0,0,1,0,1,0,1,0,0,10.791000000000002,-5990.000000000002
550,0.0,6633.0,0,1,0,1,0,0,0,1,1,0,0,1,1,0,0,12.5568,-5923.800000000001
551,1.0,4867.0,0,1,0,1,0,0,1,0,0,1,1,0,1,0,0,12.5568,-7689.800000000001
552,1.0,6583.0,0,1,0,1,0,0,1,0,1,0,1,0,0,0,1,15.4998,-8916.800000000001
553,0.0,4787.0,0,1,0,1,0,1,0,0,0,1,1,0,0,0,1,17.7561,-12969.099999999999
554,0.0,7859.0,0,1,0,1,0,1,0,0,1,0,1,0,1,0,0,12.9492,-5090.199999999999
555,1.0,6500.0,0,1,0,1,0,0,1,0,1,0,1,0,0,1,0,2.5505999999999998,3949.4
556,1.0,4292.0,1,0,1,0,0,1,0,0,1,0,1,0,0,0,1,8.2404,-3948.3999999999996
557,1.0,10139.0,0,1,0,1,1,0,0,0,1,0,0,1,0,1,0,25.506,-15367.0
558,1.0,6556.0,0,1,0,1,0,1,0,0,1,0,1,0,0,1,0,15.892200000000003,-9336.200000000003
559,1.0,6486.0,1,0,0,1,0,1,0,0,1,0,1,0,0,1,0,17.8542,-11368.199999999997
560,1.0,3917.0,0,1,0,1,0,0,0,1,0,1,1,0,0,1,0,10.5948,-6677.799999999999
561,1.0,19484.0,1,0,0,1,0,0,1,0,1,0,0,1,0,1,0,58.86,-39376.0
562,1.0,7977.0,0,1,0,1,0,1,0,0,1,0,1,0,1,0,0,20.6991,-12722.100000000002
563,1.0,5800.0,0,1,1,0,0,1,0,0,0,1,0,1,0,1,0,12.9492,-7149.199999999999
564,0.0,8799.0,0,1,0,1,0,0,0,1,1,0,1,0,0,0,1,25.3098,-16510.8
565,1.0,4467.0,0,1,0,1,0,1,0,0,0,1,1,0,1,0,0,11.772,-7305.0
566,1.0,3333.0,0,1,1,0,0,1,0,0,1,0,1,0,0,0,1,6.867000000000001,-3534.000000000001
567,0.0,5900.0,0,1,0,1,1,0,0,0,1,0,1,0,1,0,0,12.066300000000002,-6166.300000000001
568,1.0,2378.0,1,0,1,0,0,1,0,0,1,0,1,0,0,0,1,0.8829,1495.1
569,0.0,5230.0,0,1,0,1,0,1,0,0,1,0,1,0,0,0,1,10.202399999999999,-4972.4
570,1.0,5167.0,0,1,0,1,0,0,1,0,1,0,1,0,0,0,1,18.2466,-13079.600000000002
571,0.0,6567.0,0,1,0,1,0,1,0,0,1,0,1,0,0,0,1,16.186500000000002,-9619.500000000002
572,1.0,16666.0,0,1,0,1,0,0,0,1,1,0,1,0,0,0,1,26.9775,-10311.5
573,1.0,7750.0,0,1,0,1,0,0,0,1,0,1,1,0,0,1,0,18.3447,-10594.7
574,1.0,6406.0,0,1,0,1,1,0,0,0,1,0,1,0,0,1,0,14.715,-8309.0
575,1.0,3620.0,0,1,0,1,0,0,0,1,1,0,1,0,0,0,1,10.5948,-6974.799999999999
576,0.0,5297.0,0,1,0,1,0,1,0,0,1,0,1,0,0,1,0,13.3416,-8044.6
577,1.0,5968.0,0,1,1,0,0,1,0,0,1,0,1,0,0,0,1,10.791000000000002,-4823.000000000002
578,1.0,4014.0,0,1,0,1,0,0,1,0,1,0,1,0,1,0,0,10.4967,-6482.700000000001
579,1.0,6099.0,0,1,1,0,0,1,0,0,1,0,1,0,0,0,1,15.794100000000002,-9695.100000000002
580,1.0,6540.0,0,1,0,1,0,0,0,1,1,0,1,0,0,1,0,20.110500000000002,-13570.5
581,1.0,35673.0,0,1,1,0,0,1,0,0,1,0,1,0,0,0,1,8.829,26844.0
582,1.0,3166.0,1,0,0,1,0,1,0,0,1,0,1,0,0,1,0,3.5316,-365.5999999999999
583,1.0,1880.0,0,1,0,1,0,0,1,0,1,0,1,0,1,0,0,5.9841000000000015,-4104.100000000001
584,0.0,4704.0,0,1,0,1,0,0,1,0,1,0,1,0,1,0,0,14.3226,-9618.6
585,1.0,7283.0,0,1,0,1,0,0,1,0,1,0,1,0,1,0,0,16.8732,-9590.2
586,1.0,3819.0,0,1,0,1,0,1,0,0,1,0,1,0,0,0,1,10.202399999999999,-6383.4
587,1.0,2165.0,1,0,1,0,0,1,0,0,0,1,1,0,0,1,0,6.867000000000001,-4702.000000000001
588,1.0,4750.0,0,1,1,0,0,1,0,0,1,0,1,0,0,1,0,9.2214,-4471.4
589,0.0,2726.0,0,1,0,1,0,0,0,1,1,0,0,1,0,1,0,10.3986,-7672.6
590,1.0,6416.0,0,1,0,1,0,1,0,0,1,0,1,0,0,1,0,5.4936,922.4000000000005
591,1.0,6000.0,0,1,0,1,0,0,0,1,1,0,0,1,0,1,0,20.110500000000002,-14110.5
592,1.0,9357.0,0,1,1,0,1,0,0,0,1,0,0,1,0,1,0,28.6452,-19288.2
593,1.0,7159.0,0,1,0,1,0,1,0,0,1,0,1,0,1,0,0,13.930200000000001,-6771.200000000001
594,1.0,16120.0,0,1,0,1,0,1,0,0,1,0,0,1,0,0,1,25.506,-9386.0
595,1.0,3833.0,0,1,1,0,0,1,0,0,0,1,1,0,1,0,0,10.791000000000002,-6958.000000000002
596,1.0,7383.0,0,1,0,1,0,0,0,1,0,1,0,1,1,0,0,18.3447,-10961.7
597,0.0,2987.0,0,1,1,0,0,1,0,0,1,0,1,0,0,1,0,8.6328,-5645.799999999999
598,1.0,9963.0,0,1,0,1,0,1,0,0,1,0,0,1,1,0,0,17.658,-7695.0
599,1.0,5780.0,0,1,0,1,0,0,0,1,1,0,1,0,0,0,1,18.8352,-13055.2
600,1.0,42083.0,1,0,1,0,1,0,0,0,1,0,1,0,0,0,1,34.335,7748.0
601,1.0,5686.0,0,1,0,1,0,1,0,0,0,1,1,0,1,0,0,15.205499999999999,-9519.499999999998
602,1.0,5703.0,0,1,0,1,1,0,0,0,1,0,1,0,0,0,1,12.5568,-6853.800000000001
603,1.0,7977.0,0,1,1,0,0,1,0,0,1,0,1,0,1,0,0,16.873199999999997,-8896.199999999997
604,1.0,12000.0,1,0,0,1,0,0,1,0,1,0,1,0,0,1,0,48.65760000000001,-36657.600000000006
605,1.0,6200.0,0,1,0,1,0,1,0,0,0,1,1,0,0,0,1,12.556799999999999,-6356.799999999999
606,1.0,5900.0,0,1,0,1,0,0,1,0,1,0,1,0,0,1,0,16.9713,-11071.3
607,1.0,5398.0,0,1,0,1,0,0,0,1,0,1,1,0,1,0,0,15.401700000000002,-10003.700000000003
608,1.0,5182.0,0,1,0,1,0,1,0,0,1,0,1,0,1,0,0,10.5948,-5412.799999999999
609,1.0,2900.0,1,0,1,0,0,1,0,0,1,0,1,0,1,0,0,6.9651000000000005,-4065.1000000000004
610,1.0,4106.0,0,1,0,1,1,0,0,0,1,0,1,0,1,0,0,3.9239999999999995,182.00000000000045
611,1.0,8312.0,0,1,0,1,0,0,1,0,1,0,1,0,0,0,1,24.819300000000002,-16507.300000000003
612,1.0,7583.0,0,1,0,1,0,0,0,1,1,0,1,0,0,0,1,18.3447,-10761.7
613,0.0,4583.0,1,0,1,0,0,1,0,0,1,0,0,1,0,1,0,13.047299999999998,-8464.299999999997
